{
  "1": {
    "name": "Typhlosion",
    "hp": 297,
    "attack": 254,
    "speed": 236
  },
  "2": {
    "name": "Gengar",
    "hp": 261,
    "attack": 296,
    "speed": 256
  },
  "3": {
    "name": "Bisharp",
    "hp": 271,
    "attack": 286,
    "speed": 176
  },
  "4": {
    "name": "Garchomp",
    "hp": 357,
    "attack": 296,
    "speed": 240
  },
  "5": {
    "name": "Landorus-Therian",
    "hp": 319,
    "attack": 326,
    "speed": 218
  },
  "6": {
    "name": "Weavile",
    "hp": 281,
    "attack": 276,
    "speed": 286
  },
  "7": {
    "name": "Volcarona",
    "hp": 311,
    "attack": 306,
    "speed": 236
  }
}